{
    "PSNR": {
        "mean": 29.178193105666214,
        "std": 1.9632682754366342,
        "min": 26.080198110832804,
        "max": 31.515275149132272
    },
    "SSIM": {
        "mean": 0.7792226076126099,
        "std": 0.08290454745292664,
        "min": 0.6225801110267639,
        "max": 0.8664276599884033
    },
    "Inference Time (ms)": {
        "mean": 132.43687591552734,
        "std": 38.843864752167875
    },
    "LPIPS": {
        "mean": 0.06675277389585972,
        "std": 0.02202290465570714
    }
}