{
    "PSNR": {
        "mean": 25.51511226598557,
        "std": 3.2613966040514546,
        "min": 20.02199568045612,
        "max": 30.722902180371165
    },
    "SSIM": {
        "mean": 0.632423996925354,
        "std": 0.1640242338180542,
        "min": 0.32006266713142395,
        "max": 0.8833011984825134
    },
    "Inference Time (ms)": {
        "mean": 98.96282822745187,
        "std": 70.634487774806
    },
    "LPIPS": {
        "mean": 0.1260567946093423,
        "std": 0.0647108356021143
    }
}