{
    "PSNR": {
        "mean": 23.66084608176883,
        "std": 3.9505714366656077,
        "min": 16.288962566846806,
        "max": 34.87173356418366
    },
    "SSIM": {
        "mean": 0.6533949375152588,
        "std": 0.13771215081214905,
        "min": 0.26610931754112244,
        "max": 0.9329230785369873
    },
    "Inference Time (ms)": {
        "mean": 149.6501795196533,
        "std": 75.82245696800088
    },
    "LPIPS": {
        "mean": 0.11874637036118657,
        "std": 0.05934220647783413
    }
}