{
    "PSNR": {
        "mean": 25.10047489707231,
        "std": 3.8098310773080533,
        "min": 17.79501793731072,
        "max": 37.750982998607164
    },
    "SSIM": {
        "mean": 0.6014556288719177,
        "std": 0.1610923856496811,
        "min": 0.18280482292175293,
        "max": 0.9556159377098083
    },
    "Inference Time (ms)": {
        "mean": 43.038775291442875,
        "std": 19.059669572369515
    },
    "LPIPS": {
        "mean": 0.1639949957560748,
        "std": 0.06605643051545806
    }
}